algorithm,2e3c,3e4c,3e9c,4e5c,5e9c,6e7c,7e9c,8e9c
random,9185.24503 e 4.10961,14777.92231 e 5.7382,955212763.55824 e 2.45271,204772960.74668 e 1.3419,812346374.23104 e 1.49442,358975385.79006 e 2.92731,871038693.86482 e 1.61148,1006239977.42715 e 1.24762
greedy,55.11806 e 8.73053,79.40521 e 3.03848,0.4969 e 2.06990,196373704.18246 e 12.65008,0.41574 e 1.44476,98643338.67584 e 7.25628,0.4969 e 1.54236,196373704.18246 e 12.65008
ig,3.16228 e 2.35702,1.41421 e 4.63481,0.4969 e 7.79603,196373704.18246 e 14.10896,0.41574 e 6.70453,98643338.67584 e 11.4759,0.4969 e 5.62647,0.4969 e 5.78055 
ga,7.07107 e 6.59966,31 e 5.22074,82061251.06896 e 1.98138,1005662.0189 e 2.41449,38719567.45386 e 0.68387,12386864.89306 e 1.95114,0.4969 e 1.17559,54168277.87687 e 0.97992